scenario,total_loss,loss_rate,total_balance
Baseline,85768371754.2303,0.14164280722994466,605525783000.0
Severely Adverse,217549370470.3949,0.3592735050728548,605525783000.0
